source_script	bytes	sha256	classification	reason
01_download_gse275562.py	12430	b4936985a95190d7e96f4bc90b97ceef92b757a62004533388eae6fe8a16d846	KEEP discovery	Retained in canonical pipeline.
02_phase_f0_audit.py	16824	e76ec6bad215c84be235e1c2b92a7e490d68238ecfcb16abb8d44a7a02197db3	KEEP discovery	Retained in canonical pipeline.
03_phase_f1_batch_representation_qc.py	28971	f93c65816686227996dc660211830772684f1aa2c23d912c0114fc7004dc13fe	KEEP discovery diagnostic	Retained in canonical pipeline.
04_phase_f1b_representation_rescue_qc.py	24823	e3505dd1fdb5ee802dc53463dec9f5ecfb3d388b19dc2eeae3a3132cf8e1c343	KEEP discovery rescue	Retained in canonical pipeline.
05_phase_f2_common_trajectory.py	27729	7c29e34a8efca0b1760ad28c37d95a445ae6a32f5215074ffd8fe087b95becf3	KEEP discovery	Retained in canonical pipeline.
06_phase_f3_gdis_rna_atac.py	26620	31f1356dc4b5642ff493a361eddc550dc9a9cde732c5a2c17ab2b42ac2bf2f8e	KEEP discovery	Retained in canonical pipeline.
07_phase_f3b_peak_topology_qc.py	23215	674b2a4fd8c5f8e1d8cba875500700100451bb22c1ada8f16b5b229349ba71ab	KEEP discovery topology	Retained in canonical pipeline.
08_phase_f3c_transition_anchored_pairing_qc.py	28693	8c3e2d721d5b9713ebb61104c7f4b616c0ca85ce2a1febedfa2df8f031f1b9bd	KEEP discovery prospective pairing	Retained in canonical pipeline.
09_phase_f4_event_specific_cmil_bootstrap.py	41681	27421abcce4bcb1cb70166f0715766e9f020fadf2d8ceb3532a449134c172cd8	KEEP discovery bootstrap	Retained in canonical pipeline.
10_phase_f4b_peak_stability_diagnostics.py	35482	5f8164b3b3647c9fab4ba43cdc820d0300dd3b354fc75b8ed121ce745c3e1624	KEEP discovery diagnostic	Retained in canonical pipeline.
11_phase_f4c_event_region_timing_diagnostics.py	32414	c069158c01d63d9caab7f2c7c15721a92446ed3cd5ebe906d15d7b315566724b	KEEP discovery diagnostic	Retained in canonical pipeline.
12_phase_f5_cross_modal_alignment_null.py	26899	28c592a358de247f1923297f3a10033095fefb1921bc1ed72fad2dbf309ee4cf	KEEP discovery null	Retained in canonical pipeline.
13_phase_f6_external_dataset_audit.py	33414	ca0f3b987797473a876bf6cdb8a677f76a9d8fb7ded4d1f2a44d5af4aad62e1b	EXCLUDE	Superseded all-in-one preliminary F6 audit; canonical acquisition and corrected audit are F6a + corrected F6b.
13_phase_f6a_external_metadata_acquisition.py	19550	4eaaf78ed3559b77621eee9b785c269629783f7cfb9832c553c246d892cad589	KEEP GSE205117 acquisition	Retained in canonical pipeline.
14_phase_f6b_external_dataset_audit.py	37173	a42b6eae01fcbf134743f31f4918d529bc508876fe4751f055fc4d601025b7e0	EXCLUDE	Invalid heuristic field selection (sample interpreted as stage; genotype as cell type); replaced by corrected F6b.
14_phase_f6b_external_dataset_audit_corrected.py	22137	58cf34ef79842c0637bbea2242cc3d1f86a7d580d8efba3574597ff206ee743b	KEEP GSE205117 corrected audit	Retained in canonical pipeline.
15_phase_f7_external_archive_pairing_qc.py	34471	2e705d025727fe783f9d68ebb89bd171af60d087fdb275b16c12ca38bb3b7fce	KEEP GSE205117 pairing QC	Retained in canonical pipeline.
16_phase_f7b_external_barcode_universe_diagnostic.py	32036	c2a585887193a30cd1a38187ff94c72556cf4762d892d919930ef78768211491	KEEP GSE205117 corrected barcode audit	Retained in canonical pipeline.
17_phase_f8_external_representation_acquisition_qc.py	68179	e381a53e004e773b14548087cbe7e1d2c684a38d2dd731eff19ce81a80dc773b	EXCLUDE	Author-processed representation acquisition depended on inaccessible outbound FTP; replaced by GEO-native reconstruction.
17_phase_f8_external_representation_acquisition_qc_v2.py	68179	e381a53e004e773b14548087cbe7e1d2c684a38d2dd731eff19ce81a80dc773b	EXCLUDE	Byte-identical duplicate of the inaccessible-FTP F8 acquisition script.
17_phase_f8_geo_native_reconstruction_qc.py	75439	68498d2e4864474d66f4c629efcfdd79a907f103815561c3de45f2eabc5890f3	EXCLUDE	Initial GEO-native reconstruction; superseded by contig-fix and then dynamic-bin final version.
17_phase_f8_geo_native_reconstruction_qc_contigfix.py	78377	fa8ad7644b06039a0130dec88ab7198a26aadc706858cd619f3e149b20e7f12c	EXCLUDE	Intermediate reconstruction; superseded by final dynamic-bin implementation.
17_phase_f8_geo_native_reconstruction_qc_dynamicbins.py	83437	43431a5a1cf45072fef4ee7d4b5da7946bb5826f23f882eec594cdb48b695410	KEEP GSE205117 final reconstruction	Retained in canonical pipeline.
19_phase_f8c_external_primary_arm_freeze_qc.py	37123	78bb3a411a750f0fbd9dface02e692c7a6b259e6c023603dd1ea89d796b74723	KEEP GSE205117 primary freeze	Retained in canonical pipeline.
20_phase_f9_external_common_trajectory.py	36174	493dd7f809fefc5978c8f769e00840d9c25e963a95ec110ba4794c2af4ca4380	KEEP GSE205117 trajectory test	Retained in canonical pipeline.
21_phase_f9b_external_trajectory_topology_diagnostic.py	28952	7cb869ef1db3634dc95770a7f2ec77519defd8fdfda5893c54d89badb997e9af	KEEP GSE205117 suitability endpoint	Retained in canonical pipeline.
22_phase_f10_shareseq_acquisition_audit.py	52225	ae1a963b34eec639b52771032f7c655f9f69759b11b8023f65ba1c4423ff3136	EXCLUDE	Download code was useful, but its audit/parser assumptions produced a false review; replaced by acquisition-only canonical F10 plus F10c audit.
23_phase_f10b_shareseq_format_corrected_audit.py	33866	c2f496a6ceca727b4807bef2daf35a6ba7044a21a309271a4e3db75d35740eed	EXCLUDE	Intermediate format correction; barcode namespace normalization was not yet final.
24_phase_f10c_shareseq_namespace_normalized_audit.py	32128	19b9f2941db1f4d3ca47698fbaba21fa75b69bfdac7277190be99fc4137c9ecd	KEEP SHARE-seq final pairing audit	Retained in canonical pipeline.
25_phase_f11_shareseq_representations_branch_continuity.py	66766	e241eb64ae0d347165c0972ab08cad1275bfb5070f3863eea95815f335c90b26	KEEP SHARE-seq	Retained in canonical pipeline.
26_phase_f12_shareseq_irs_freeze_rna_technical_rescue.py	46616	05d656e54d7a39fd8489a30330635d52dda162f6474ec7f0b929fb1315198d2c	KEEP SHARE-seq	Retained in canonical pipeline.
27_phase_f13_shareseq_irs_common_trajectory.py	37801	59dec2307c325a8ec7f6c24c3fdb89ce605b719cb67e77a4fa6818e4943342bf	KEEP SHARE-seq	Retained in canonical pipeline.
28_phase_f14_shareseq_irs_gdis_primary_profiles.py	62051	916a5fc94ae71b29d34858301b5eab0b26db913e2a4b7b2e1aae8b61f8c68023	KEEP SHARE-seq	Retained in canonical pipeline.
29_phase_f15_shareseq_irs_peak_topology_qc.py	50524	639cdbfe5a2f9dc80c1847fa2cd3d588ae9592f16323976b04811ae9f7ec74a3	KEEP SHARE-seq	Retained in canonical pipeline.
30_phase_f15b_shareseq_irs_sustained_plateau_transition_energy_qc.py	42657	7cafe53381bd8efe906ce50812af7e84181cea8ed7900606f2fb3f3544589f65	KEEP SHARE-seq	Retained in canonical pipeline.
31_phase_f16_shareseq_irs_transition_energy_pair_freeze.py	32473	b61bd37993a38cded11a7daf7a000dc2c7ce667b9004c71ca5ca5fcd6027e133	KEEP SHARE-seq	Retained in canonical pipeline.
32_phase_f17_shareseq_irs_frozen_pair_bootstrap.py	45411	f7dcf6bc74bbfa68b61d6834121356b4c6e69c6c201f0be47396a45f0aabe520	KEEP SHARE-seq	Retained in canonical pipeline.
33_phase_f18_shareseq_irs_cross_modal_alignment_null.py	31431	87f190032045a3be1f671a3c1e9f2b9b074020f6d5b73d714269daf9fdfc68bf	KEEP SHARE-seq	Retained in canonical pipeline.
34_phase_f19_shareseq_irs_frozen_event_feature_extraction.py	51356	da36335e1781b49364631f34d55adf0270a05238817ca3ad5a4b39c0210bac76	KEEP SHARE-seq	Retained in canonical pipeline.
35_phase_f20_shareseq_irs_mm10_peak_gene_annotation.py	49159	a4011be5b2e84032888e33b96c8f493ca442e04cbe2e14295a7a360de16ceeee	KEEP SHARE-seq	Retained in canonical pipeline.
36_phase_f21_shareseq_irs_motif_tf_regulatory_plausibility.py	73084	c05f1050892277e501d0ae61bb82b8cc4890ea7f94927550c6265d0a73a30749	KEEP SHARE-seq	Retained in canonical pipeline.
37_phase_f22_shareseq_irs_external_validation_evidence_freeze.py	30519	a22123e692e3a23bedfbc97665200239609446604c6b4ea01006cc66c6deee85	KEEP SHARE-seq evidence freeze	Retained in canonical pipeline.
38_phase_f23_shareseq_irs_publication_figures.py	31616	b9778991b38702e99909f7f44bbb6b64ec3fa154fb72e0532611c5da6f4992ee	EXCLUDE	Superseded by final presentation-only F23b revision, which uses the primary 400/100 frozen event locations and improved labels.
39_phase_f23b_shareseq_irs_publication_figure_revision.py	24290	42570417d08ed70af12d7f3ebf8db3e5ccf62178153eb2d05858e04e6623ae00	KEEP final figures	Retained in canonical pipeline.
8_phase_f8b_external_representation_rescue_qc.py	28884	4c37ebc8b7f1cd221cecd101add0831ba879bb6c8239132703325d69db6f19f5	KEEP AS RENAMED 18_phase_f8b_external_representation_rescue_qc.py	Retained in canonical pipeline.
40_phase_f24_discovery_publication_figure.py	21707	d18494cfc0060ca107ee0bcdbc786e6693bc6a61d31342d4d248178efc30c433	EXCLUDE additional superseded version	Superseded source content; replaced by v3 content under this clean canonical filename.
40_phase_f24_discovery_publication_figure_v2.py	22906	e868f8ecb1d8970340cda36a468e43d01cd2bd70d35f785a8b7e6bdfe8aae300	EXCLUDE additional superseded version	Superseded by v3.
40_phase_f24_discovery_publication_figure_v3.py	22877	6a3a5da2cbeabe194386032a2b4bca6277270c659def0ac8807564c4e33360c9	KEEP AS 40_phase_f24_discovery_publication_figure.py	Newest supplied version retained under clean canonical filename 40_phase_f24_discovery_publication_figure.py.
41_supplementary_figure_s1_discovery_diagnostics.py	17490	cef1e9a141185a6f4d82afe43c92c88b5dd5bdb1d4b3fbd080d0107d487c3907	EXCLUDE additional superseded version	Superseded source content; replaced by v4 content under this clean canonical filename.
41_supplementary_figure_s1_discovery_diagnostics_v2.py	18493	787412c3f8135c5180426a5fade8e007c280096f17a7257611e9ddaf7a6d364a	EXCLUDE additional superseded version	Superseded by v4.
41_supplementary_figure_s1_discovery_diagnostics_v3.py	18443	158c51509c788a3ff73ab85160e793ed0ef7507797893a31d40d41d061e177da	EXCLUDE additional superseded version	Superseded by v4.
41_supplementary_figure_s1_discovery_diagnostics_v4.py	18859	5445bff672692b9936f4646c6089202cbb8ad287c66086e115c9cc9bdfd16250	KEEP AS 41_supplementary_figure_s1_discovery_diagnostics.py	Newest supplied version retained under clean canonical filename 41_supplementary_figure_s1_discovery_diagnostics.py.
42_supplementary_figure_s2_discovery_alignment_null.py	14802	da3506cb6156f29512e332ae211578b95b86ae296226f4beeaaaa0a8b0a8e686	EXCLUDE additional superseded version	Superseded source content; replaced by v2 content under this clean canonical filename.
42_supplementary_figure_s2_discovery_alignment_null_v2.py	15132	dcfc4800989fe0c427819a4bdef3af1d85ae0b974de1452a390e6c9dbf4b6f60	KEEP AS 42_supplementary_figure_s2_discovery_alignment_null.py	Newest supplied version retained under clean canonical filename 42_supplementary_figure_s2_discovery_alignment_null.py.
43_supplementary_figure_s3_gse205117_trajectory_suitability.py	30516	aa55c974d04f150843179555af82629b200c1adbd40ed2ead3c031ce39ce8fa7	KEEP additional publication utility	Retained in updated canonical pipeline.
44_supplementary_figure_s4_tf_motif_enrichment.py	10351	442af42a643917c99fa99a376d3f4e995e3f7f42a6147302e503981c451abf22	KEEP additional publication utility	Retained in updated canonical pipeline.
45_main_figure_5_exact_circular_shift_null.py	17284	36b8c65f9b9202f67df2cafc9562a5f6f98f624086d2a24059253dfb367c3371	KEEP additional publication utility	Retained in updated canonical pipeline.
46_supplementary_figure_s5_shareseq_sustained_architecture.py	15949	b99b03146da8fcc366b6e04d76886b7674becdfec3bea417ceb4551627e3bb7a	KEEP additional publication utility	Retained in updated canonical pipeline.
47_supplementary_table_s4_shareseq_event_family_selection.py	18721	02e01e20475cf653c47074927642356bd6854fb4f4786e69946093058d5197bf	KEEP additional publication utility	Retained in updated canonical pipeline.
48_supplementary_table_s5_shareseq_branch_selection_qc.py	18407	2b3e51a6129f3f6451104f67d898aefa040f6a036b155af03041a70778ffc3ab	KEEP additional publication utility	Retained in updated canonical pipeline.
